{"pid0":{"0x5c064bf2c4c3669068167e0def02d5318810bce0":{"deposit":1000000000000000000,"pending0":1.6279301697530865e+23,"harvestedTokens":0,"userTokens":1.6279301697530865e+23}},"pidOther":{"0x5c064bf2c4c3669068167e0def02d5318810bce0":{"deposit":65846410161513775000,"pending1":0,"pending2":0,"pending3":0,"harvestedTokens":787052156240504200000,"userTokens":787052156240504200000,"DUMMYpart":0.0073167247027396696},"0x0d8cf1d1c732d01dad3091dfc5aa494ea053106d":{"deposit":4.5669403644428346e+21,"pending1":0,"pending2":0,"pending3":0,"harvestedTokens":4.96663014144281e+21,"userTokens":4.96663014144281e+21,"DUMMYpart":0.04617161030197542},"0x86ddab699a51ad96d7b27036783403a4f04ae1de":{"deposit":9.169420064510452e+21,"pending1":0,"pending2":0,"pending3":0,"harvestedTokens":1.7186864880795316e+22,"userTokens":1.7186864880795316e+22,"DUMMYpart":0.1597753818967206},"0x0143612585e51d81344b5d5dbfebadfa53867881":{"deposit":114422109456527020000,"pending1":0,"pending2":0,"pending3":0,"harvestedTokens":1.1773689151833037e+21,"userTokens":1.1773689151833037e+21,"DUMMYpart":0.010945252049251874},"0x58c79ed2843b8743f4c7025e66b84c979596066a":{"deposit":168914159866438450000,"pending1":0,"pending2":0,"pending3":0,"harvestedTokens":533562165838496000000,"userTokens":533562165838496000000,"DUMMYpart":0.0049601890399304845},"0x1f3d7724be40e80ee3b55129dfeb3e7706ab0313":{"deposit":37054169341290860000,"pending1":0,"pending2":0,"pending3":0,"harvestedTokens":501392608644954060000,"userTokens":501392608644954060000,"DUMMYpart":0.004661129070488942},"0x329efe9a1a4ac0af843aca2e2c1ed9b746245491":{"deposit":48341875015881196000,"pending1":1.4503008007710043e+21,"pending2":0,"pending3":0,"harvestedTokens":33918383709450100000,"userTokens":1.4842191844804544e+21,"DUMMYpart":0.013797844380785646},"0x86f8f17dbb9ead2ec85785805b0751f69de16ca1":{"deposit":2.792575821190027e+21,"pending1":0,"pending2":0,"pending3":0,"harvestedTokens":5.625407275229729e+21,"userTokens":5.625407275229729e+21,"DUMMYpart":0.052295843480374686},"0xa4b949fb6b2979e383b753f7b086ee1a7adb552a":{"deposit":148658341763602100000,"pending1":93105137577130720000,"pending2":0,"pending3":0,"harvestedTokens":3.8624248406501627e+21,"userTokens":3.9555299782272934e+21,"DUMMYpart":0.036772053382544974},"0x197ab3f77d7bb7f77df23c4d41c130591b398e2f":{"deposit":43806066017915790000,"pending1":0,"pending2":0,"pending3":0,"harvestedTokens":254603846899001560000,"userTokens":254603846899001560000,"DUMMYpart":0.0023668904801897608},"0x3f20e968a304bc825aa1a45228fdfd2d3d90c6af":{"deposit":57906951591833150000,"pending1":0,"pending2":0,"pending3":0,"harvestedTokens":560999111611517300000,"userTokens":560999111611517300000,"DUMMYpart":0.005215252922690307},"0x1853dba72ea5bb376993c8996ddc53107b28274f":{"deposit":28306733477561410000,"pending1":0,"pending2":0,"pending3":0,"harvestedTokens":160695662670338100000,"userTokens":160695662670338100000,"DUMMYpart":0.001493885653397407},"0xd6532dfee83459b8bef5014d52ac82ff0ece54ca":{"deposit":14786074859752937000,"pending1":0,"pending2":0,"pending3":0,"harvestedTokens":43597737449890005000,"userTokens":43597737449890005000,"DUMMYpart":0.0004053005128743871},"0x904bb2b1606583de42a380636dab40424b53710f":{"deposit":36835456417962246000,"pending1":0,"pending2":0,"pending3":0,"harvestedTokens":44473872044192780000,"userTokens":44473872044192780000,"DUMMYpart":0.0004134453805025764},"0x163bea4b5db2e7f9acb0f737c5b2ca1fa5f268df":{"deposit":10348419120133853000,"pending1":13071033799722717000,"pending2":0,"pending3":0,"harvestedTokens":610760360176867700000,"userTokens":623831393976590400000,"DUMMYpart":0.005799364799984451},"0x30b7e38759b590896d231f77d4c87f5bf6360c90":{"deposit":3.772369047429199e+21,"pending1":2.7694115346994005e+21,"pending2":1.566060166311228e+22,"pending3":1.467908501086902e+21,"harvestedTokens":6.5668576007573e+21,"userTokens":2.6464779299655883e+22,"DUMMYpart":0.24602626766093924},"0x0cc7d4cf1369fce7e4b6c6d2f0d1af76ac1ba926":{"deposit":205153999123877500000,"pending1":0,"pending2":0,"pending3":11662458194794830000,"harvestedTokens":379539809136910200000,"userTokens":391202267331705040000,"DUMMYpart":0.0036367593563634156},"0x49742c940a14d26aa7ae4c9ae805d4a4ffe304c1":{"deposit":3.297e+21,"pending1":0,"pending2":0,"pending3":628154145174486000000,"harvestedTokens":5.548764360926262e+21,"userTokens":6.176918506100748e+21,"DUMMYpart":0.057422893593581256},"0xe1adc15eddb6627c988de50adc5e416e628dbf16":{"deposit":1.0139685774839282e+22,"pending1":236588801174404860000,"pending2":0,"pending3":301159168659171100000,"harvestedTokens":1.1354329847045888e+22,"userTokens":1.1892077816879463e+22,"DUMMYpart":0.11055310482254231},"0xa6e96dbb6b7d2c12062e70d3dec87c4fe23f961f":{"deposit":15238672370699340000,"pending1":0,"pending2":1432427326250285600,"pending3":0,"harvestedTokens":402910200679954600000,"userTokens":404342628006204870000,"DUMMYpart":0.0037589169551803386},"0x4696acd611682ccec6ab2805a217221fc6471d61":{"deposit":38915781183438360000,"pending1":0,"pending2":0,"pending3":0,"harvestedTokens":394319455394856700000,"userTokens":394319455394856700000,"DUMMYpart":0.003665737876686251},"0x0752adfe7c42d89bf2fb3c22ffa18b7d0871c807":{"deposit":74949132536032170000,"pending1":5868390521014388000,"pending2":0,"pending3":0,"harvestedTokens":2.8024597464578114e+21,"userTokens":2.808328136978826e+21,"DUMMYpart":0.02610724548596872},"0x65cad24d55787bf2ae0fdd7fa32ce78dacf1af18":{"deposit":25915850163033285000,"pending1":693559830196214800000,"pending2":0,"pending3":0,"harvestedTokens":540732947763299500000,"userTokens":1.2342927779595142e+21,"DUMMYpart":0.011474437097088515},"0x43b2620085b8d72b7b38fca9e6ab86eb635b76d4":{"deposit":42622243317634810000,"pending1":1.9796448607401812e+21,"pending2":0,"pending3":0,"harvestedTokens":0,"userTokens":1.9796448607401812e+21,"DUMMYpart":0.01840350266546147},"0x49eac024576148f6760fb44597e6f728086c108a":{"deposit":7265645725029636000,"pending1":0,"pending2":0,"pending3":0,"harvestedTokens":123587354137851540000,"userTokens":123587354137851540000,"DUMMYpart":0.0011489132451983723},"0xa1ecb46c0be223dff23efda8bd553d17b938af47":{"deposit":5.97644752787351e+21,"pending1":0,"pending2":0,"pending3":0,"harvestedTokens":1.0966076645366072e+22,"userTokens":1.0966076645366072e+22,"DUMMYpart":0.10194465925428249},"0x86f12d22052e0f351f99de75cceecbccee42af74":{"deposit":69349994596808065000,"pending1":0,"pending2":0,"pending3":0,"harvestedTokens":114867557178860260000,"userTokens":114867557178860260000,"DUMMYpart":0.001067850823468306},"0xcf277775967980571ca0df663a35ecd38c9e7a12":{"deposit":1.3117515012732758e+21,"pending1":0,"pending2":0,"pending3":0,"harvestedTokens":1.9797408203221463e+21,"userTokens":1.9797408203221463e+21,"DUMMYpart":0.018404394740831904},"0x6739900f4e1f25f44b586df19c27ad7848289c9c":{"deposit":4.755605382788261e+21,"pending1":0,"pending2":0,"pending3":1.1692575595533819e+21,"harvestedTokens":0,"userTokens":1.1692575595533819e+21,"DUMMYpart":0.010869845920649617},"0x5d48b8b71e34e7f89438c71841c9cface8c8ebcd":{"deposit":7.13462070526363e+21,"pending1":1.0124075698570835e+21,"pending2":0,"pending3":1.1011774244073471e+21,"harvestedTokens":153340419217308600000,"userTokens":2.266925413481739e+21,"DUMMYpart":0.021074167754419764},"0xc42deae116b1d12fbe079c1ad8e357da1b2c7020":{"deposit":4115061342313253400,"pending1":35268333411952656000,"pending2":0,"pending3":0,"harvestedTokens":0,"userTokens":35268333411952656000,"DUMMYpart":0.00032786732652167387},"0xcb8f53942ae4631def0dba89baa69414729faf75":{"deposit":7202562314890585000,"pending1":0,"pending2":39938352190080745000,"pending3":0,"harvestedTokens":0,"userTokens":39938352190080745000,"DUMMYpart":0.00037128152910693},"0xb991793d36550c6c36f32144b1847f1a3f52b0b4":{"deposit":4.342591798888482e+21,"pending1":30727468631636830000,"pending2":0,"pending3":504069458059840850000,"harvestedTokens":0,"userTokens":534796926691477700000,"DUMMYpart":0.004971667828424174},