{"pid0":{"0x5c064bf2c4c3669068167e0def02d5318810bce0":{"deposit":1000000000000000000,"pending0":1.640648148148148e+23,"harvestedTokens":0,"userTokens":1.640648148148148e+23}},"pidOther":{"0x5c064bf2c4c3669068167e0def02d5318810bce0":{"deposit":65846410161513775000,"pending1":0,"pending2":0,"pending3":0,"harvestedTokens":721205746078990300000,"userTokens":721205746078990300000,"DUMMYpart":0.008793089016011656},"0x0d8cf1d1c732d01dad3091dfc5aa494ea053106d":{"deposit":4.5669403644428346e+21,"pending1":0,"pending2":0,"pending3":0,"harvestedTokens":399689776999975350000,"userTokens":399689776999975350000,"DUMMYpart":0.004873100092529912},"0x86ddab699a51ad96d7b27036783403a4f04ae1de":{"deposit":9.169420064510452e+21,"pending1":0,"pending2":0,"pending3":0,"harvestedTokens":8.017444816284865e+21,"userTokens":8.017444816284865e+21,"DUMMYpart":0.09775033869853929},"0x0143612585e51d81344b5d5dbfebadfa53867881":{"deposit":114422109456527020000,"pending1":0,"pending2":0,"pending3":0,"harvestedTokens":1.0629468057267768e+21,"userTokens":1.0629468057267768e+21,"DUMMYpart":0.012959666409836269},"0x58c79ed2843b8743f4c7025e66b84c979596066a":{"deposit":168914159866438450000,"pending1":0,"pending2":0,"pending3":0,"harvestedTokens":364648005972057500000,"userTokens":364648005972057500000,"DUMMYpart":0.004445863601968961},"0x1f3d7724be40e80ee3b55129dfeb3e7706ab0313":{"deposit":37054169341290860000,"pending1":0,"pending2":0,"pending3":0,"harvestedTokens":464338439303663200000,"userTokens":464338439303663200000,"DUMMYpart":0.005661309900192957},"0x329efe9a1a4ac0af843aca2e2c1ed9b746245491":{"deposit":48341875015881196000,"pending1":1.4558475151555767e+21,"pending2":0,"pending3":0,"harvestedTokens":10128062700217326000,"userTokens":1.465975577855794e+21,"DUMMYpart":0.017873476218772794},"0x86f8f17dbb9ead2ec85785805b0751f69de16ca1":{"deposit":2.792575821190027e+21,"pending1":0,"pending2":0,"pending3":0,"harvestedTokens":2.832831454039702e+21,"userTokens":2.832831454039702e+21,"DUMMYpart":0.03453846461728083},"0xa4b949fb6b2979e383b753f7b086ee1a7adb552a":{"deposit":148658341763602100000,"pending1":124852526300330480000,"pending2":0,"pending3":0,"harvestedTokens":3.8542907218347714e+21,"userTokens":3.979143248135102e+21,"DUMMYpart":0.04851453413750468},"0x197ab3f77d7bb7f77df23c4d41c130591b398e2f":{"deposit":43806066017915790000,"pending1":0,"pending2":0,"pending3":0,"harvestedTokens":210797780881085760000,"userTokens":210797780881085760000,"DUMMYpart":0.0025700899663410265},"0x3f20e968a304bc825aa1a45228fdfd2d3d90c6af":{"deposit":57906951591833150000,"pending1":0,"pending2":0,"pending3":0,"harvestedTokens":503092160019684100000,"userTokens":503092160019684100000,"DUMMYpart":0.006133803245968803},"0x1853dba72ea5bb376993c8996ddc53107b28274f":{"deposit":28306733477561410000,"pending1":0,"pending2":0,"pending3":0,"harvestedTokens":132388929192776680000,"userTokens":132388929192776680000,"DUMMYpart":0.0016141130952651204},"0xd6532dfee83459b8bef5014d52ac82ff0ece54ca":{"deposit":14786074859752937000,"pending1":0,"pending2":0,"pending3":0,"harvestedTokens":28811662590137070000,"userTokens":28811662590137070000,"DUMMYpart":0.00035127772515919565},"0x904bb2b1606583de42a380636dab40424b53710f":{"deposit":36835456417962246000,"pending1":0,"pending2":0,"pending3":0,"harvestedTokens":7638415626230531000,"userTokens":7638415626230531000,"DUMMYpart":0.00009312913673788613},"0x163bea4b5db2e7f9acb0f737c5b2ca1fa5f268df":{"deposit":10348419120133853000,"pending1":15408605709571265000,"pending2":0,"pending3":0,"harvestedTokens":610760360176867700000,"userTokens":626168965886439000000,"DUMMYpart":0.007634381015456278},"0x30b7e38759b590896d231f77d4c87f5bf6360c90":{"deposit":3.772369047429199e+21,"pending1":2.782825896793481e+21,"pending2":1.586652251247927e+22,"pending3":1.473932751292122e+21,"harvestedTokens":5.058239288194646e+21,"userTokens":2.5181520448759515e+22,"DUMMYpart":0.3070182844053612},"0x0cc7d4cf1369fce7e4b6c6d2f0d1af76ac1ba926":{"deposit":205153999123877500000,"pending1":0,"pending2":0,"pending3":12515970810661677000,"harvestedTokens":379539809136910200000,"userTokens":392055779947571900000,"DUMMYpart":0.004780024827954299},"0x49742c940a14d26aa7ae4c9ae805d4a4ffe304c1":{"deposit":3.297e+21,"pending1":0,"pending2":0,"pending3":641870821946718000000,"harvestedTokens":5.548764360926262e+21,"userTokens":6.19063518287298e+21,"DUMMYpart":0.0754774993468975},"0xe1adc15eddb6627c988de50adc5e416e628dbf16":{"deposit":1.0139685774839282e+22,"pending1":269362237380086500000,"pending2":0,"pending3":342140074179166860000,"harvestedTokens":1.1210080339266852e+22,"userTokens":1.1821582650826105e+22,"DUMMYpart":0.14413117078447127},"0xa6e96dbb6b7d2c12062e70d3dec87c4fe23f961f":{"deposit":15238672370699340000,"pending1":0,"pending2":5580616078706518000,"pending3":0,"harvestedTokens":402910200679954600000,"userTokens":408490816758661100000,"DUMMYpart":0.004980404182177453},"0x4696acd611682ccec6ab2805a217221fc6471d61":{"deposit":38915781183438360000,"pending1":0,"pending2":0,"pending3":0,"harvestedTokens":355403674211418400000,"userTokens":355403674211418400000,"DUMMYpart":0.004333154804920717},"0x0752adfe7c42d89bf2fb3c22ffa18b7d0871c807":{"deposit":74949132536032170000,"pending1":22795847693332296000,"pending2":0,"pending3":0,"harvestedTokens":2.8024597464578114e+21,"userTokens":2.8252555941511435e+21,"DUMMYpart":0.03444609817298238},"0x65cad24d55787bf2ae0fdd7fa32ce78dacf1af18":{"deposit":25915850163033285000,"pending1":699412992586160500000,"pending2":0,"pending3":0,"harvestedTokens":540732947763299500000,"userTokens":1.2401459403494602e+21,"DUMMYpart":0.015120114760072837},"0x43b2620085b8d72b7b38fca9e6ab86eb635b76d4":{"deposit":42622243317634810000,"pending1":1.989271205621498e+21,"pending2":0,"pending3":0,"harvestedTokens":0,"userTokens":1.989271205621498e+21,"DUMMYpart":0.02425360430517543},"0x49eac024576148f6760fb44597e6f728086c108a":{"deposit":7265645725029636000,"pending1":0,"pending2":0,"pending3":0,"harvestedTokens":116321708412821910000,"userTokens":116321708412821910000,"DUMMYpart":0.001418218229859291},"0xa1ecb46c0be223dff23efda8bd553d17b938af47":{"deposit":5.97644752787351e+21,"pending1":0,"pending2":0,"pending3":0,"harvestedTokens":4.989629117492562e+21,"userTokens":4.989629117492562e+21,"DUMMYpart":0.06083458600479653},"0x86f12d22052e0f351f99de75cceecbccee42af74":{"deposit":69349994596808065000,"pending1":0,"pending2":0,"pending3":0,"harvestedTokens":45517562582052190000,"userTokens":45517562582052190000,"DUMMYpart":0.0005549594990775765},"0xcf277775967980571ca0df663a35ecd38c9e7a12":{"deposit":1.3117515012732758e+21,"pending1":0,"pending2":0,"pending3":0,"harvestedTokens":667989319048870400000,"userTokens":667989319048870400000,"DUMMYpart":0.008144263375708614},"0x6739900f4e1f25f44b586df19c27ad7848289c9c":{"deposit":4.755605382788261e+21,"pending1":0,"pending2":0,"pending3":1.189039546480897e+21,"harvestedTokens":0,"userTokens":1.189039546480897e+21,"DUMMYpart":0.014497015078717264},"0x5d48b8b71e34e7f89438c71841c9cface8c8ebcd":{"deposit":7.13462070526363e+21,"pending1":1.0341463148688443e+21,"pending2":0,"pending3":1.1304550680080178e+21,"harvestedTokens":153340419217308600000,"userTokens":2.3179418020941707e+21,"DUMMYpart":0.028260823919608904},"0xc42deae116b1d12fbe079c1ad8e357da1b2c7020":{"deposit":4115061342313253400,"pending1":36197730754876944000,"pending2":0,"pending3":0,"harvestedTokens":0,"userTokens":36197730754876944000,"DUMMYpart":0.00044133018966600825},"0xcb8f53942ae4631def0dba89baa69414729faf75":{"deposit":7202562314890585000,"pending1":0,"pending2":41898994643483870000,"pending3":0,"harvestedTokens":0,"userTokens":41898994643483870000,"DUMMYpart":0.0005108411733885406},"0xb991793d36550c6c36f32144b1847f1a3f52b0b4":{"deposit":4.342591798888482e+21,"pending1":31945304614757160000,"pending2":0,"pending3":522110990787617700000,"harvestedTokens":0,"userTokens":554056295402374800000,"DUMMYpart":0.006755168482561061},