{
  "pid0": {
    "0x5c064bf2c4c3669068167e0def02d5318810bce0": {
      "deposit": 1000000000000000000,
      "pending0": 1.6269907407407408e+23,
      "harvestedTokens": 0,
      "userTokens": 1.6269907407407408e+23
    }
  },
  "pidOther": {
    "0x5c064bf2c4c3669068167e0def02d5318810bce0": {
      "deposit": 65846410161513775000,
      "pending1": 0,
      "pending2": 0,
      "pending3": 0,
      "harvestedTokens": 779754059532685500000,
      "userTokens": 779754059532685500000,
      "DUMMYpart": 0.010036673802094734
    },
    "0x0d8cf1d1c732d01dad3091dfc5aa494ea053106d": {
      "deposit": 4.5669403644428346e+21,
      "pending1": 0,
      "pending2": 0,
      "pending3": 0,
      "harvestedTokens": 4.567585774484451e+21,
      "userTokens": 4.567585774484451e+21,
      "DUMMYpart": 0.05879208696786147
    },
    "0x86ddab699a51ad96d7b27036783403a4f04ae1de": {
      "deposit": 9.169420064510452e+21,
      "pending1": 0,
      "pending2": 0,
      "pending3": 0,
      "harvestedTokens": 1.7186864880795316e+22,
      "userTokens": 1.7186864880795316e+22,
      "DUMMYpart": 0.22122226153282323
    },
    "0x0143612585e51d81344b5d5dbfebadfa53867881": {
      "deposit": 114422109456527020000,
      "pending1": 0,
      "pending2": 0,
      "pending3": 0,
      "harvestedTokens": 115074548020469510000,
      "userTokens": 115074548020469510000,
      "DUMMYpart": 0.0014811922904218306
    },
    "0x58c79ed2843b8743f4c7025e66b84c979596066a": {
      "deposit": 168914159866438450000,
      "pending1": 0,
      "pending2": 0,
      "pending3": 0,
      "harvestedTokens": 178682737698230860000,
      "userTokens": 178682737698230860000,
      "DUMMYpart": 0.0022999307671667524
    },
    "0x1f3d7724be40e80ee3b55129dfeb3e7706ab0313": {
      "deposit": 37054169341290860000,
      "pending1": 0,
      "pending2": 0,
      "pending3": 0,
      "harvestedTokens": 501392608644954060000,
      "userTokens": 501392608644954060000,
      "DUMMYpart": 0.006453719603289613
    },
    "0x329efe9a1a4ac0af843aca2e2c1ed9b746245491": {
      "deposit": 48341875015881196000,
      "pending1": 1.4498921132041754e+21,
      "pending2": 0,
      "pending3": 0,
      "harvestedTokens": 31728756847195034000,
      "userTokens": 1.4816208700513704e+21,
      "DUMMYpart": 0.01907081494387277
    },
    "0x86f8f17dbb9ead2ec85785805b0751f69de16ca1": {
      "deposit": 2.792575821190027e+21,
      "pending1": 0,
      "pending2": 0,
      "pending3": 0,
      "harvestedTokens": 5.510050185373074e+21,
      "userTokens": 5.510050185373074e+21,
      "DUMMYpart": 0.07092310154422864
    },
    "0xa4b949fb6b2979e383b753f7b086ee1a7adb552a": {
      "deposit": 148658341763602100000,
      "pending1": 90765957631875090000,
      "pending2": 0,
      "pending3": 0,
      "harvestedTokens": 8318662030617770000,
      "userTokens": 99084619662492860000,
      "DUMMYpart": 0.0012753765039108162
    },
    "0x197ab3f77d7bb7f77df23c4d41c130591b398e2f": {
      "deposit": 43806066017915790000,
      "pending1": 0,
      "pending2": 0,
      "pending3": 0,
      "harvestedTokens": 215727062368498320000,
      "userTokens": 215727062368498320000,
      "DUMMYpart": 0.002776750090373854
    },
    "0x3f20e968a304bc825aa1a45228fdfd2d3d90c6af": {
      "deposit": 57906951591833150000,
      "pending1": 0,
      "pending2": 0,
      "pending3": 0,
      "harvestedTokens": 560999111611517300000,
      "userTokens": 560999111611517300000,
      "DUMMYpart": 0.007220950013244163
    },
    "0x1853dba72ea5bb376993c8996ddc53107b28274f": {
      "deposit": 28306733477561410000,
      "pending1": 0,
      "pending2": 0,
      "pending3": 0,
      "harvestedTokens": 160695662670338100000,
      "userTokens": 160695662670338100000,
      "DUMMYpart": 0.002068408529479452
    },
    "0xd6532dfee83459b8bef5014d52ac82ff0ece54ca": {
      "deposit": 14786074859752937000,
      "pending1": 0,
      "pending2": 0,
      "pending3": 0,
      "harvestedTokens": 43597737449890005000,
      "userTokens": 43597737449890005000,
      "DUMMYpart": 0.0005611721592782209
    },
    "0x904bb2b1606583de42a380636dab40424b53710f": {
      "deposit": 36835456417962246000,
      "pending1": 0,
      "pending2": 0,
      "pending3": 0,
      "harvestedTokens": 41788373046281280000,
      "userTokens": 41788373046281280000,
      "DUMMYpart": 0.0005378827642617642
    },
    "0x163bea4b5db2e7f9acb0f737c5b2ca1fa5f268df": {
      "deposit": 10348419120133853000,
      "pending1": 12898773003946330000,
      "pending2": 0,
      "pending3": 0,
      "harvestedTokens": 0,
      "userTokens": 12898773003946330000,
      "DUMMYpart": 0.00016602770515290692
    },
    "0x30b7e38759b590896d231f77d4c87f5bf6360c90": {
      "deposit": 3.772369047429199e+21,
      "pending1": 2.768423000965134e+21,
      "pending2": 1.5645426904538894e+22,
      "pending3": 1.467464560888565e+21,
      "harvestedTokens": 4.101883851380376e+21,
      "userTokens": 2.398319831777297e+22,
      "DUMMYpart": 0.308701872473348
    },
    "0x0cc7d4cf1369fce7e4b6c6d2f0d1af76ac1ba926": {
      "deposit": 205153999123877500000,
      "pending1": 0,
      "pending2": 0,
      "pending3": 11599560979861301000,
      "harvestedTokens": 0,
      "userTokens": 11599560979861301000,
      "DUMMYpart": 0.00014930478191052513
    },
    "0x49742c940a14d26aa7ae4c9ae805d4a4ffe304c1": {
      "deposit": 3.297e+21,
      "pending1": 0,
      "pending2": 0,
      "pending3": 627143333206299000000,
      "harvestedTokens": 0,
      "userTokens": 627143333206299000000,
      "DUMMYpart": 0.008072331250602718
    },
    "0xe1adc15eddb6627c988de50adc5e416e628dbf16": {
      "deposit": 1.0139685774839282e+22,
      "pending1": 234173654852132730000,
      "pending2": 0,
      "pending3": 298139195931475800000,
      "harvestedTokens": 417189680287215400000,
      "userTokens": 949502531070823900000,
      "DUMMYpart": 0.012221606366926147
    },
    "0xa6e96dbb6b7d2c12062e70d3dec87c4fe23f961f": {
      "deposit": 15238672370699340000,
      "pending1": 0,
      "pending2": 1126062764160945300,
      "pending3": 0,
      "harvestedTokens": 0,
      "userTokens": 1126062764160945300,
      "DUMMYpart": 0.000014494217127054008
    },
    "0x4696acd611682ccec6ab2805a217221fc6471d61": {
      "deposit": 38915781183438360000,
      "pending1": 0,
      "pending2": 0,
      "pending3": 0,
      "harvestedTokens": 394319455394856700000,
      "userTokens": 394319455394856700000,
      "DUMMYpart": 0.00507551797805283
    },
    "0x0752adfe7c42d89bf2fb3c22ffa18b7d0871c807": {
      "deposit": 74949132536032170000,
      "pending1": 4618212837862861000,
      "pending2": 0,
      "pending3": 0,
      "harvestedTokens": 0,
      "userTokens": 4618212837862861000,
      "DUMMYpart": 0.00005944373772167941
    },
    "0x65cad24d55787bf2ae0fdd7fa32ce78dacf1af18": {
      "deposit": 25915850163033285000,
      "pending1": 693127544772522400000,
      "pending2": 0,
      "pending3": 0,
      "harvestedTokens": 0,
      "userTokens": 693127544772522400000,
      "DUMMYpart": 0.008921652904632312
    },
    "0x43b2620085b8d72b7b38fca9e6ab86eb635b76d4": {
      "deposit": 42622243317634810000,
      "pending1": 1.978933906849208e+21,
      "pending2": 0,
      "pending3": 0,
      "harvestedTokens": 0,
      "userTokens": 1.978933906849208e+21,
      "DUMMYpart": 0.025472023974910593
    },
    "0x49eac024576148f6760fb44597e6f728086c108a": {
      "deposit": 7265645725029636000,
      "pending1": 0,
      "pending2": 0,
      "pending3": 0,
      "harvestedTokens": 123587354137851540000,
      "userTokens": 123587354137851540000,
      "DUMMYpart": 0.001590765632293042
    },
    "0xa1ecb46c0be223dff23efda8bd553d17b938af47": {
      "deposit": 5.97644752787351e+21,
      "pending1": 0,
      "pending2": 0,
      "pending3": 0,
      "harvestedTokens": 1.0966076645366072e+22,
      "userTokens": 1.0966076645366072e+22,
      "DUMMYpart": 0.14115083189726566
    },