{
  "pid0": {
    "0x5c064bf2c4c3669068167e0def02d5318810bce0": {
      "deposit": 1000000000000000000,
      "pending0": 1.6296971450617283e+23,
      "harvestedTokens": 0,
      "userTokens": 1.6296971450617283e+23
    }
  },
  "pidOther": {
    "0x5c064bf2c4c3669068167e0def02d5318810bce0": {
      "deposit": 65846410161513775000,
      "pending1": 0,
      "pending2": 0,
      "pending3": 0,
      "harvestedTokens": 787052156240504200000,
      "userTokens": 787052156240504200000,
      "DUMMYpart": 0.007310711647141241
    },
    "0x0d8cf1d1c732d01dad3091dfc5aa494ea053106d": {
      "deposit": 4.5669403644428346e+21,
      "pending1": 0,
      "pending2": 0,
      "pending3": 0,
      "harvestedTokens": 4.96663014144281e+21,
      "userTokens": 4.96663014144281e+21,
      "DUMMYpart": 0.04613366539204724
    },
    "0x86ddab699a51ad96d7b27036783403a4f04ae1de": {
      "deposit": 9.169420064510452e+21,
      "pending1": 0,
      "pending2": 0,
      "pending3": 0,
      "harvestedTokens": 1.7186864880795316e+22,
      "userTokens": 1.7186864880795316e+22,
      "DUMMYpart": 0.15964407474855835
    },
    "0x0143612585e51d81344b5d5dbfebadfa53867881": {
      "deposit": 114422109456527020000,
      "pending1": 0,
      "pending2": 0,
      "pending3": 0,
      "harvestedTokens": 1.1773689151833037e+21,
      "userTokens": 1.1773689151833037e+21,
      "DUMMYpart": 0.01093625698495947
    },
    "0x58c79ed2843b8743f4c7025e66b84c979596066a": {
      "deposit": 168914159866438450000,
      "pending1": 0,
      "pending2": 0,
      "pending3": 0,
      "harvestedTokens": 533562165838496000000,
      "userTokens": 533562165838496000000,
      "DUMMYpart": 0.004956112640491176
    },
    "0x1f3d7724be40e80ee3b55129dfeb3e7706ab0313": {
      "deposit": 37054169341290860000,
      "pending1": 0,
      "pending2": 0,
      "pending3": 0,
      "harvestedTokens": 501392608644954060000,
      "userTokens": 501392608644954060000,
      "DUMMYpart": 0.004657298445531602
    },
    "0x329efe9a1a4ac0af843aca2e2c1ed9b746245491": {
      "deposit": 48341875015881196000,
      "pending1": 1.4510727661750578e+21,
      "pending2": 0,
      "pending3": 0,
      "harvestedTokens": 33918383709450100000,
      "userTokens": 1.484991149884508e+21,
      "DUMMYpart": 0.013793675564297544
    },
    "0x86f8f17dbb9ead2ec85785805b0751f69de16ca1": {
      "deposit": 2.792575821190027e+21,
      "pending1": 0,
      "pending2": 0,
      "pending3": 0,
      "harvestedTokens": 5.625407275229729e+21,
      "userTokens": 5.625407275229729e+21,
      "DUMMYpart": 0.05225286553229138
    },
    "0xa4b949fb6b2979e383b753f7b086ee1a7adb552a": {
      "deposit": 148658341763602100000,
      "pending1": 97523588585085650000,
      "pending2": 0,
      "pending3": 0,
      "harvestedTokens": 3.8624248406501627e+21,
      "userTokens": 3.9599484292352484e+21,
      "DUMMYpart": 0.036782875028224124
    },
    "0x197ab3f77d7bb7f77df23c4d41c130591b398e2f": {
      "deposit": 43806066017915790000,
      "pending1": 0,
      "pending2": 0,
      "pending3": 0,
      "harvestedTokens": 254603846899001560000,
      "userTokens": 254603846899001560000,
      "DUMMYpart": 0.0023649453141993764
    },
    "0x3f20e968a304bc825aa1a45228fdfd2d3d90c6af": {
      "deposit": 57906951591833150000,
      "pending1": 0,
      "pending2": 0,
      "pending3": 0,
      "harvestedTokens": 560999111611517300000,
      "userTokens": 560999111611517300000,
      "DUMMYpart": 0.005210966905782734
    },
    "0x1853dba72ea5bb376993c8996ddc53107b28274f": {
      "deposit": 28306733477561410000,
      "pending1": 0,
      "pending2": 0,
      "pending3": 0,
      "harvestedTokens": 160695662670338100000,
      "userTokens": 160695662670338100000,
      "DUMMYpart": 0.0014926579432051389
    },
    "0xd6532dfee83459b8bef5014d52ac82ff0ece54ca": {
      "deposit": 14786074859752937000,
      "pending1": 0,
      "pending2": 0,
      "pending3": 0,
      "harvestedTokens": 43597737449890005000,
      "userTokens": 43597737449890005000,
      "DUMMYpart": 0.0004049674274274148
    },
    "0x904bb2b1606583de42a380636dab40424b53710f": {
      "deposit": 36835456417962246000,
      "pending1": 0,
      "pending2": 0,
      "pending3": 0,
      "harvestedTokens": 44473872044192780000,
      "userTokens": 44473872044192780000,
      "DUMMYpart": 0.00041310560141276804
    },
    "0x163bea4b5db2e7f9acb0f737c5b2ca1fa5f268df": {
      "deposit": 10348419120133853000,
      "pending1": 13396415302874288000,
      "pending2": 0,
      "pending3": 0,
      "harvestedTokens": 610760360176867700000,
      "userTokens": 624156775479742000000,
      "DUMMYpart": 0.00579762112581967
    },
    "0x30b7e38759b590896d231f77d4c87f5bf6360c90": {
      "deposit": 3.772369047429199e+21,
      "pending1": 2.771278765086454e+21,
      "pending2": 1.5689265095973712e+22,
      "pending3": 1.4687470547922977e+21,
      "harvestedTokens": 6.5668576007573e+21,
      "userTokens": 2.649614851660976e+22,
      "DUMMYpart": 0.24611545757022396
    },
    "0x0cc7d4cf1369fce7e4b6c6d2f0d1af76ac1ba926": {
      "deposit": 205153999123877500000,
      "pending1": 0,
      "pending2": 0,
      "pending3": 11781264044860109000,
      "harvestedTokens": 379539809136910200000,
      "userTokens": 391321073181770300000,
      "DUMMYpart": 0.003634874137372385
    },
    "0x49742c940a14d26aa7ae4c9ae805d4a4ffe304c1": {
      "deposit": 3.297e+21,
      "pending1": 0,
      "pending2": 0,
      "pending3": 630063456664089000000,
      "harvestedTokens": 5.548764360926262e+21,
      "userTokens": 6.178827817590351e+21,
      "DUMMYpart": 0.05739343718656266
    },
    "0xe1adc15eddb6627c988de50adc5e416e628dbf16": {
      "deposit": 1.0139685774839282e+22,
      "pending1": 241150744227843470000,
      "pending2": 0,
      "pending3": 306863561571750500000,
      "harvestedTokens": 1.1354329847045888e+22,
      "userTokens": 1.1902344152845482e+22,
      "DUMMYpart": 0.11055761087312407
    },
    "0xa6e96dbb6b7d2c12062e70d3dec87c4fe23f961f": {
      "deposit": 15238672370699340000,
      "pending1": 0,
      "pending2": 2009298585888861200,
      "pending3": 0,
      "harvestedTokens": 402910200679954600000,
      "userTokens": 404919499265843460000,
      "DUMMYpart": 0.0037611861881905826
    },
    "0x4696acd611682ccec6ab2805a217221fc6471d61": {
      "deposit": 38915781183438360000,
      "pending1": 0,
      "pending2": 0,
      "pending3": 0,
      "harvestedTokens": 394319455394856700000,
      "userTokens": 394319455394856700000,
      "DUMMYpart": 0.0036627252875077176
    },
    "0x0752adfe7c42d89bf2fb3c22ffa18b7d0871c807": {
      "deposit": 74949132536032170000,
      "pending1": 8222421189389782000,
      "pending2": 0,
      "pending3": 0,
      "harvestedTokens": 2.8024597464578114e+21,
      "userTokens": 2.810682167647201e+21,
      "DUMMYpart": 0.026107655885960857
    },
    "0x65cad24d55787bf2ae0fdd7fa32ce78dacf1af18": {
      "deposit": 25915850163033285000,
      "pending1": 694373805008418000000,
      "pending2": 0,
      "pending3": 0,
      "harvestedTokens": 540732947763299500000,
      "userTokens": 1.2351067527717176e+21,
      "DUMMYpart": 0.011472567924954382
    },
    "0x43b2620085b8d72b7b38fca9e6ab86eb635b76d4": {
      "deposit": 42622243317634810000,
      "pending1": 1.9809835562597915e+21,
      "pending2": 0,
      "pending3": 0,
      "harvestedTokens": 0,
      "userTokens": 1.9809835562597915e+21,
      "DUMMYpart": 0.01840081301183585
    },
    "0x49eac024576148f6760fb44597e6f728086c108a": {
      "deposit": 7265645725029636000,
      "pending1": 0,
      "pending2": 0,
      "pending3": 0,
      "harvestedTokens": 123587354137851540000,
      "userTokens": 123587354137851540000,
      "DUMMYpart": 0.0011479690414047594
    },
    "0xa1ecb46c0be223dff23efda8bd553d17b938af47": {
      "deposit": 5.97644752787351e+21,
      "pending1": 0,
      "pending2": 0,
      "pending3": 0,