{
  "pid0": {
    "0x5c064bf2c4c3669068167e0def02d5318810bce0": {
      "deposit": 1000000000000000000,
      "pending0": 1.6302951388888888e+23,
      "harvestedTokens": 0,
      "userTokens": 1.6302951388888888e+23
    }
  },
  "pidOther": {
    "0x5c064bf2c4c3669068167e0def02d5318810bce0": {
      "deposit": 65846410161513775000,
      "pending1": 0,
      "pending2": 0,
      "pending3": 0,
      "harvestedTokens": 721205746078990300000,
      "userTokens": 721205746078990300000,
      "DUMMYpart": 0.008848937323650854
    },
    "0x0d8cf1d1c732d01dad3091dfc5aa494ea053106d": {
      "deposit": 4.5669403644428346e+21,
      "pending1": 0,
      "pending2": 0,
      "pending3": 0,
      "harvestedTokens": 399689776999975350000,
      "userTokens": 399689776999975350000,
      "DUMMYpart": 0.004904051035097266
    },
    "0x86ddab699a51ad96d7b27036783403a4f04ae1de": {
      "deposit": 9.169420064510452e+21,
      "pending1": 0,
      "pending2": 0,
      "pending3": 0,
      "harvestedTokens": 8.017444816284865e+21,
      "userTokens": 8.017444816284865e+21,
      "DUMMYpart": 0.09837118888867509
    },
    "0x0143612585e51d81344b5d5dbfebadfa53867881": {
      "deposit": 114422109456527020000,
      "pending1": 0,
      "pending2": 0,
      "pending3": 0,
      "harvestedTokens": 1.0629468057267768e+21,
      "userTokens": 1.0629468057267768e+21,
      "DUMMYpart": 0.013041978261250484
    },
    "0x58c79ed2843b8743f4c7025e66b84c979596066a": {
      "deposit": 168914159866438450000,
      "pending1": 0,
      "pending2": 0,
      "pending3": 0,
      "harvestedTokens": 364648005972057500000,
      "userTokens": 364648005972057500000,
      "DUMMYpart": 0.004474101000420466
    },
    "0x1f3d7724be40e80ee3b55129dfeb3e7706ab0313": {
      "deposit": 37054169341290860000,
      "pending1": 0,
      "pending2": 0,
      "pending3": 0,
      "harvestedTokens": 464338439303663200000,
      "userTokens": 464338439303663200000,
      "DUMMYpart": 0.005697267067960857
    },
    "0x329efe9a1a4ac0af843aca2e2c1ed9b746245491": {
      "deposit": 48341875015881196000,
      "pending1": 1.4513342925810002e+21,
      "pending2": 0,
      "pending3": 0,
      "harvestedTokens": 10128062700217326000,
      "userTokens": 1.4614623552812176e+21,
      "DUMMYpart": 0.017931621944318545
    },
    "0x86f8f17dbb9ead2ec85785805b0751f69de16ca1": {
      "deposit": 2.792575821190027e+21,
      "pending1": 0,
      "pending2": 0,
      "pending3": 0,
      "harvestedTokens": 2.832831454039702e+21,
      "userTokens": 2.832831454039702e+21,
      "DUMMYpart": 0.03475783175820469
    },
    "0xa4b949fb6b2979e383b753f7b086ee1a7adb552a": {
      "deposit": 148658341763602100000,
      "pending1": 99020471225000620000,
      "pending2": 0,
      "pending3": 0,
      "harvestedTokens": 3.8542907218347714e+21,
      "userTokens": 3.953311193059772e+21,
      "DUMMYpart": 0.048505718594818045
    },
    "0x197ab3f77d7bb7f77df23c4d41c130591b398e2f": {
      "deposit": 43806066017915790000,
      "pending1": 0,
      "pending2": 0,
      "pending3": 0,
      "harvestedTokens": 210797780881085760000,
      "userTokens": 210797780881085760000,
      "DUMMYpart": 0.002586413601281974
    },
    "0x3f20e968a304bc825aa1a45228fdfd2d3d90c6af": {
      "deposit": 57906951591833150000,
      "pending1": 0,
      "pending2": 0,
      "pending3": 0,
      "harvestedTokens": 503092160019684100000,
      "userTokens": 503092160019684100000,
      "DUMMYpart": 0.006172761401635757
    },
    "0x1853dba72ea5bb376993c8996ddc53107b28274f": {
      "deposit": 28306733477561410000,
      "pending1": 0,
      "pending2": 0,
      "pending3": 0,
      "harvestedTokens": 132388929192776680000,
      "userTokens": 132388929192776680000,
      "DUMMYpart": 0.0016243649515291334
    },
    "0xd6532dfee83459b8bef5014d52ac82ff0ece54ca": {
      "deposit": 14786074859752937000,
      "pending1": 0,
      "pending2": 0,
      "pending3": 0,
      "harvestedTokens": 28811662590137070000,
      "userTokens": 28811662590137070000,
      "DUMMYpart": 0.00035350882579126755
    },
    "0x904bb2b1606583de42a380636dab40424b53710f": {
      "deposit": 36835456417962246000,
      "pending1": 0,
      "pending2": 0,
      "pending3": 0,
      "harvestedTokens": 7638415626230531000,
      "userTokens": 7638415626230531000,
      "DUMMYpart": 0.0000937206358878708
    },
    "0x163bea4b5db2e7f9acb0f737c5b2ca1fa5f268df": {
      "deposit": 10348419120133853000,
      "pending1": 13506293588248144000,
      "pending2": 0,
      "pending3": 0,
      "harvestedTokens": 610760360176867700000,
      "userTokens": 624266653765115800000,
      "DUMMYpart": 0.0076595292292745126
    },
    "0x30b7e38759b590896d231f77d4c87f5bf6360c90": {
      "deposit": 3.772369047429199e+21,
      "pending1": 2.771909311295566e+21,
      "pending2": 1.5698944468726156e+22,
      "pending3": 1.469030226522329e+21,
      "harvestedTokens": 5.058239288194646e+21,
      "userTokens": 2.4998123294738696e+22,
      "DUMMYpart": 0.30671805853833467
    },
    "0x0cc7d4cf1369fce7e4b6c6d2f0d1af76ac1ba926": {
      "deposit": 205153999123877500000,
      "pending1": 0,
      "pending2": 0,
      "pending3": 11821383667353401000,
      "harvestedTokens": 379539809136910200000,
      "userTokens": 391361192804263600000,
      "DUMMYpart": 0.004801862276974794
    },
    "0x49742c940a14d26aa7ae4c9ae805d4a4ffe304c1": {
      "deposit": 3.297e+21,
      "pending1": 0,
      "pending2": 0,
      "pending3": 630708213266082000000,
      "harvestedTokens": 5.548764360926262e+21,
      "userTokens": 6.179472574192344e+21,
      "DUMMYpart": 0.07581992489596501
    },
    "0xe1adc15eddb6627c988de50adc5e416e628dbf16": {
      "deposit": 1.0139685774839282e+22,
      "pending1": 242691269659774700000,
      "pending2": 0,
      "pending3": 308789881614748000000,
      "harvestedTokens": 1.1210080339266852e+22,
      "userTokens": 1.1761561490541374e+22,
      "DUMMYpart": 0.14431016533618554
    },
    "0xa6e96dbb6b7d2c12062e70d3dec87c4fe23f961f": {
      "deposit": 15238672370699340000,
      "pending1": 0,
      "pending2": 2204315042248098800,
      "pending3": 0,
      "harvestedTokens": 402910200679954600000,
      "userTokens": 405114515722202700000,
      "DUMMYpart": 0.004970610644766425
    },
    "0x4696acd611682ccec6ab2805a217221fc6471d61": {
      "deposit": 38915781183438360000,
      "pending1": 0,
      "pending2": 0,
      "pending3": 0,
      "harvestedTokens": 355403674211418400000,
      "userTokens": 355403674211418400000,
      "DUMMYpart": 0.004360676346230354
    },
    "0x0752adfe7c42d89bf2fb3c22ffa18b7d0871c807": {
      "deposit": 74949132536032170000,
      "pending1": 9018222178672730000,
      "pending2": 0,
      "pending3": 0,
      "harvestedTokens": 2.8024597464578114e+21,
      "userTokens": 2.811477968636484e+21,
      "DUMMYpart": 0.03449583210692366
    },
    "0x65cad24d55787bf2ae0fdd7fa32ce78dacf1af18": {
      "deposit": 25915850163033285000,
      "pending1": 694648976428019600000,
      "pending2": 0,
      "pending3": 0,
      "harvestedTokens": 540732947763299500000,
      "userTokens": 1.235381924191319e+21,
      "DUMMYpart": 0.015157695674741423
    },
    "0x43b2620085b8d72b7b38fca9e6ab86eb635b76d4": {
      "deposit": 42622243317634810000,
      "pending1": 1.9814361141780747e+21,
      "pending2": 0,
      "pending3": 0,
      "harvestedTokens": 0,
      "userTokens": 1.9814361141780747e+21,
      "DUMMYpart": 0.024311514544227864
    },
    "0x49eac024576148f6760fb44597e6f728086c108a": {
      "deposit": 7265645725029636000,
      "pending1": 0,
      "pending2": 0,
      "pending3": 0,
      "harvestedTokens": 116321708412821910000,
      "userTokens": 116321708412821910000,
      "DUMMYpart": 0.0014272258821026009
    },
    "0xa1ecb46c0be223dff23efda8bd553d17b938af47": {
      "deposit": 5.97644752787351e+21,
      "pending1": 0,
      "pending2": 0,
      "pending3": 0,